Dominant_Topic,Topic_Perc_Contrib,Keywords
19,0.5851768851280212,"loan,interest,company,asset,financial,loss,security,value,rate,year"
15,0.975225031375885,"trust,interest,unit,property,royalty,net,gas,production,price,income"
8,0.377164751291275,"company,property,interest,year,income,share,financial,lease,include,net"
0,0.9275887608528137,"company,financial,bank,may,loan,report,capital,institution,include,risk"
13,0.43764135241508484,"loan,financial,interest,income,value,security,asset,loss,rate,net"
8,0.9752442240715027,"company,property,interest,year,income,share,financial,lease,include,net"
8,0.8498252034187317,"company,property,interest,year,income,share,financial,lease,include,net"
12,0.9228226542472839,"property,may,interest,share,year,income,investment,value,rate,real"
0,0.9998302459716797,"company,financial,bank,may,loan,report,capital,institution,include,risk"
2,0.7553895115852356,"company,investment,value,security,insurance,financial,income,loss,benefit,asset"
0,0.9185581207275391,"company,financial,bank,may,loan,report,capital,institution,include,risk"
19,0.8939043283462524,"loan,interest,company,asset,financial,loss,security,value,rate,year"
13,0.48327958583831787,"loan,financial,interest,income,value,security,asset,loss,rate,net"
19,0.888905942440033,"loan,interest,company,asset,financial,loss,security,value,rate,year"
19,0.8042171597480774,"loan,interest,company,asset,financial,loss,security,value,rate,year"
0,0.9282841682434082,"company,financial,bank,may,loan,report,capital,institution,include,risk"
19,0.8612444996833801,"loan,interest,company,asset,financial,loss,security,value,rate,year"
12,0.9117599725723267,"property,may,interest,share,year,income,investment,value,rate,real"
19,0.8695095181465149,"loan,interest,company,asset,financial,loss,security,value,rate,year"
2,0.4156986474990845,"company,investment,value,security,insurance,financial,income,loss,benefit,asset"
19,0.7827426195144653,"loan,interest,company,asset,financial,loss,security,value,rate,year"
8,0.7304303050041199,"company,property,interest,year,income,share,financial,lease,include,net"
19,0.6957343816757202,"loan,interest,company,asset,financial,loss,security,value,rate,year"
19,0.44790133833885193,"loan,interest,company,asset,financial,loss,security,value,rate,year"
4,0.44407621026039124,"company,financial,year,stock,service,revenue,include,market,may,business"
19,0.5765414237976074,"loan,interest,company,asset,financial,loss,security,value,rate,year"
19,0.6768964529037476,"loan,interest,company,asset,financial,loss,security,value,rate,year"
0,0.9182605147361755,"company,financial,bank,may,loan,report,capital,institution,include,risk"
8,0.753105103969574,"company,property,interest,year,income,share,financial,lease,include,net"
19,0.6739422082901001,"loan,interest,company,asset,financial,loss,security,value,rate,year"
13,0.5422526597976685,"loan,financial,interest,income,value,security,asset,loss,rate,net"
19,0.6915679574012756,"loan,interest,company,asset,financial,loss,security,value,rate,year"
8,0.5052210688591003,"company,property,interest,year,income,share,financial,lease,include,net"
8,0.7474170327186584,"company,property,interest,year,income,share,financial,lease,include,net"
13,0.8848020434379578,"loan,financial,interest,income,value,security,asset,loss,rate,net"
12,0.7202620506286621,"property,may,interest,share,year,income,investment,value,rate,real"
8,0.5668089985847473,"company,property,interest,year,income,share,financial,lease,include,net"
13,0.7065529227256775,"loan,financial,interest,income,value,security,asset,loss,rate,net"
8,0.8803216814994812,"company,property,interest,year,income,share,financial,lease,include,net"
19,0.5973886847496033,"loan,interest,company,asset,financial,loss,security,value,rate,year"
11,0.993840217590332,"investment,company,fund,financial,asset,share,income,net,year,management"
13,0.6845946311950684,"loan,financial,interest,income,value,security,asset,loss,rate,net"
3,0.40206894278526306,"company,loan,interest,financial,note,share,statement,agreement,real,director"
19,0.845008373260498,"loan,interest,company,asset,financial,loss,security,value,rate,year"
18,0.8591436743736267,"loss,company,year,insurance,net,investment,premium,financial,business,reinsurance"
12,0.9727972149848938,"property,may,interest,share,year,income,investment,value,rate,real"
16,0.41361814737319946,"value,asset,financial,loss,interest,security,investment,note,credit,fair"
19,0.927696168422699,"loan,interest,company,asset,financial,loss,security,value,rate,year"
8,0.7909379601478577,"company,property,interest,year,income,share,financial,lease,include,net"
19,0.8538103699684143,"loan,interest,company,asset,financial,loss,security,value,rate,year"
12,0.9683055877685547,"property,may,interest,share,year,income,investment,value,rate,real"
12,0.8534457087516785,"property,may,interest,share,year,income,investment,value,rate,real"
19,0.548196017742157,"loan,interest,company,asset,financial,loss,security,value,rate,year"
19,0.7653622627258301,"loan,interest,company,asset,financial,loss,security,value,rate,year"
0,0.8108817934989929,"company,financial,bank,may,loan,report,capital,institution,include,risk"
6,0.4549976587295532,"merchant,sale,year,stock,share,company,financial,cost,may,include"
8,0.5282313227653503,"company,property,interest,year,income,share,financial,lease,include,net"
4,0.8862149715423584,"company,financial,year,stock,service,revenue,include,market,may,business"
4,0.7555261850357056,"company,financial,year,stock,service,revenue,include,market,may,business"
10,0.8116999864578247,"loan,credit,value,loss,interest,asset,include,rate,net,income"
10,0.5273554921150208,"loan,credit,value,loss,interest,asset,include,rate,net,income"
0,0.9872190952301025,"company,financial,bank,may,loan,report,capital,institution,include,risk"
12,0.8880060315132141,"property,may,interest,share,year,income,investment,value,rate,real"
4,0.5842297673225403,"company,financial,year,stock,service,revenue,include,market,may,business"
8,0.7121783494949341,"company,property,interest,year,income,share,financial,lease,include,net"
8,0.5524653792381287,"company,property,interest,year,income,share,financial,lease,include,net"
2,0.6882886290550232,"company,investment,value,security,insurance,financial,income,loss,benefit,asset"
19,0.8774492144584656,"loan,interest,company,asset,financial,loss,security,value,rate,year"
0,0.7083615064620972,"company,financial,bank,may,loan,report,capital,institution,include,risk"
0,0.8063133358955383,"company,financial,bank,may,loan,report,capital,institution,include,risk"
0,0.8255822658538818,"company,financial,bank,may,loan,report,capital,institution,include,risk"
19,0.7317453026771545,"loan,interest,company,asset,financial,loss,security,value,rate,year"
18,0.7156689167022705,"loss,company,year,insurance,net,investment,premium,financial,business,reinsurance"
19,0.7499311566352844,"loan,interest,company,asset,financial,loss,security,value,rate,year"
19,0.8853122591972351,"loan,interest,company,asset,financial,loss,security,value,rate,year"
18,0.804567277431488,"loss,company,year,insurance,net,investment,premium,financial,business,reinsurance"
12,0.8271779417991638,"property,may,interest,share,year,income,investment,value,rate,real"
13,0.6700112819671631,"loan,financial,interest,income,value,security,asset,loss,rate,net"
19,0.8475721478462219,"loan,interest,company,asset,financial,loss,security,value,rate,year"
19,0.7148045301437378,"loan,interest,company,asset,financial,loss,security,value,rate,year"
19,0.7988003492355347,"loan,interest,company,asset,financial,loss,security,value,rate,year"
18,0.37219929695129395,"loss,company,year,insurance,net,investment,premium,financial,business,reinsurance"
19,0.7597543597221375,"loan,interest,company,asset,financial,loss,security,value,rate,year"
4,0.6231817603111267,"company,financial,year,stock,service,revenue,include,market,may,business"
19,0.7664083242416382,"loan,interest,company,asset,financial,loss,security,value,rate,year"
12,0.7352176308631897,"property,may,interest,share,year,income,investment,value,rate,real"
19,0.9109891653060913,"loan,interest,company,asset,financial,loss,security,value,rate,year"
18,0.7843143343925476,"loss,company,year,insurance,net,investment,premium,financial,business,reinsurance"
8,0.8140900135040283,"company,property,interest,year,income,share,financial,lease,include,net"
18,0.9287135004997253,"loss,company,year,insurance,net,investment,premium,financial,business,reinsurance"
8,0.5236217379570007,"company,property,interest,year,income,share,financial,lease,include,net"
1,0.41493263840675354,"insurance,company,loss,financial,year,value,premium,claim,mortgage,net"
13,0.4863578975200653,"loan,financial,interest,income,value,security,asset,loss,rate,net"
13,0.7686588168144226,"loan,financial,interest,income,value,security,asset,loss,rate,net"
3,0.36960461735725403,"company,loan,interest,financial,note,share,statement,agreement,real,director"
8,0.6177588105201721,"company,property,interest,year,income,share,financial,lease,include,net"
19,0.6678056716918945,"loan,interest,company,asset,financial,loss,security,value,rate,year"
19,0.8089832663536072,"loan,interest,company,asset,financial,loss,security,value,rate,year"
19,0.7221920490264893,"loan,interest,company,asset,financial,loss,security,value,rate,year"
16,0.511088490486145,"value,asset,financial,loss,interest,security,investment,note,credit,fair"
19,0.5395854115486145,"loan,interest,company,asset,financial,loss,security,value,rate,year"
8,0.7692622542381287,"company,property,interest,year,income,share,financial,lease,include,net"
12,0.7168846726417542,"property,may,interest,share,year,income,investment,value,rate,real"
19,0.7382276654243469,"loan,interest,company,asset,financial,loss,security,value,rate,year"
19,0.7597683072090149,"loan,interest,company,asset,financial,loss,security,value,rate,year"
19,0.3865245282649994,"loan,interest,company,asset,financial,loss,security,value,rate,year"
13,0.5470833778381348,"loan,financial,interest,income,value,security,asset,loss,rate,net"
19,0.7561371326446533,"loan,interest,company,asset,financial,loss,security,value,rate,year"
8,0.4151429533958435,"company,property,interest,year,income,share,financial,lease,include,net"
12,0.7569568753242493,"property,may,interest,share,year,income,investment,value,rate,real"
15,0.9999080896377563,"trust,interest,unit,property,royalty,net,gas,production,price,income"
18,0.7338954210281372,"loss,company,year,insurance,net,investment,premium,financial,business,reinsurance"
19,0.7125101685523987,"loan,interest,company,asset,financial,loss,security,value,rate,year"
4,0.5444994568824768,"company,financial,year,stock,service,revenue,include,market,may,business"
19,0.8261875510215759,"loan,interest,company,asset,financial,loss,security,value,rate,year"
12,0.47091397643089294,"property,may,interest,share,year,income,investment,value,rate,real"
4,0.9874590635299683,"company,financial,year,stock,service,revenue,include,market,may,business"
19,0.5904003381729126,"loan,interest,company,asset,financial,loss,security,value,rate,year"
19,0.4619126617908478,"loan,interest,company,asset,financial,loss,security,value,rate,year"
19,0.8664944767951965,"loan,interest,company,asset,financial,loss,security,value,rate,year"
15,0.9999412298202515,"trust,interest,unit,property,royalty,net,gas,production,price,income"
19,0.5749883055686951,"loan,interest,company,asset,financial,loss,security,value,rate,year"
17,0.8504043221473694,"investment,company,value,may,interest,stock,income,portfolio,net,asset"
8,0.9253713488578796,"company,property,interest,year,income,share,financial,lease,include,net"
18,0.9286396503448486,"loss,company,year,insurance,net,investment,premium,financial,business,reinsurance"
8,0.5304580926895142,"company,property,interest,year,income,share,financial,lease,include,net"
8,0.43664073944091797,"company,property,interest,year,income,share,financial,lease,include,net"
2,0.9404187202453613,"company,investment,value,security,insurance,financial,income,loss,benefit,asset"
0,0.9934427738189697,"company,financial,bank,may,loan,report,capital,institution,include,risk"
8,0.7452325820922852,"company,property,interest,year,income,share,financial,lease,include,net"
0,0.6434423923492432,"company,financial,bank,may,loan,report,capital,institution,include,risk"
15,0.4196597635746002,"trust,interest,unit,property,royalty,net,gas,production,price,income"
12,0.6346302032470703,"property,may,interest,share,year,income,investment,value,rate,real"
4,0.5334181785583496,"company,financial,year,stock,service,revenue,include,market,may,business"
11,0.6243396997451782,"investment,company,fund,financial,asset,share,income,net,year,management"
17,0.7475519776344299,"investment,company,value,may,interest,stock,income,portfolio,net,asset"
18,0.9167400598526001,"loss,company,year,insurance,net,investment,premium,financial,business,reinsurance"
0,0.9369745254516602,"company,financial,bank,may,loan,report,capital,institution,include,risk"
3,0.5498008728027344,"company,loan,interest,financial,note,share,statement,agreement,real,director"
0,0.9996417760848999,"company,financial,bank,may,loan,report,capital,institution,include,risk"
13,0.580597996711731,"loan,financial,interest,income,value,security,asset,loss,rate,net"
19,0.7902864813804626,"loan,interest,company,asset,financial,loss,security,value,rate,year"
0,0.7923437356948853,"company,financial,bank,may,loan,report,capital,institution,include,risk"
19,0.7490407824516296,"loan,interest,company,asset,financial,loss,security,value,rate,year"
8,0.8227732181549072,"company,property,interest,year,income,share,financial,lease,include,net"
13,0.4387544095516205,"loan,financial,interest,income,value,security,asset,loss,rate,net"
4,0.35308587551116943,"company,financial,year,stock,service,revenue,include,market,may,business"
13,0.8641415238380432,"loan,financial,interest,income,value,security,asset,loss,rate,net"
3,0.5436202883720398,"company,loan,interest,financial,note,share,statement,agreement,real,director"
19,0.7233844995498657,"loan,interest,company,asset,financial,loss,security,value,rate,year"
0,0.2875610888004303,"company,financial,bank,may,loan,report,capital,institution,include,risk"
0,0.7057998180389404,"company,financial,bank,may,loan,report,capital,institution,include,risk"
19,0.6457054615020752,"loan,interest,company,asset,financial,loss,security,value,rate,year"
3,0.4342409670352936,"company,loan,interest,financial,note,share,statement,agreement,real,director"
19,0.8245573043823242,"loan,interest,company,asset,financial,loss,security,value,rate,year"
19,0.6488185524940491,"loan,interest,company,asset,financial,loss,security,value,rate,year"
19,0.8005092740058899,"loan,interest,company,asset,financial,loss,security,value,rate,year"
3,0.41646313667297363,"company,loan,interest,financial,note,share,statement,agreement,real,director"
8,0.8053209781646729,"company,property,interest,year,income,share,financial,lease,include,net"
0,0.8853803277015686,"company,financial,bank,may,loan,report,capital,institution,include,risk"
8,0.869459867477417,"company,property,interest,year,income,share,financial,lease,include,net"
8,0.5387266278266907,"company,property,interest,year,income,share,financial,lease,include,net"
19,0.7832483649253845,"loan,interest,company,asset,financial,loss,security,value,rate,year"
19,0.47203782200813293,"loan,interest,company,asset,financial,loss,security,value,rate,year"
19,0.499535471200943,"loan,interest,company,asset,financial,loss,security,value,rate,year"
11,0.9158549904823303,"investment,company,fund,financial,asset,share,income,net,year,management"
19,0.48249486088752747,"loan,interest,company,asset,financial,loss,security,value,rate,year"
13,0.38113975524902344,"loan,financial,interest,income,value,security,asset,loss,rate,net"
0,0.6897765398025513,"company,financial,bank,may,loan,report,capital,institution,include,risk"
0,0.9370552897453308,"company,financial,bank,may,loan,report,capital,institution,include,risk"
0,0.48152467608451843,"company,financial,bank,may,loan,report,capital,institution,include,risk"
19,0.5019968748092651,"loan,interest,company,asset,financial,loss,security,value,rate,year"
19,0.7678655385971069,"loan,interest,company,asset,financial,loss,security,value,rate,year"
4,0.5098604559898376,"company,financial,year,stock,service,revenue,include,market,may,business"
18,0.9467920660972595,"loss,company,year,insurance,net,investment,premium,financial,business,reinsurance"
19,0.8308882117271423,"loan,interest,company,asset,financial,loss,security,value,rate,year"
4,0.5157029032707214,"company,financial,year,stock,service,revenue,include,market,may,business"
16,0.6086300611495972,"value,asset,financial,loss,interest,security,investment,note,credit,fair"
13,0.6300994157791138,"loan,financial,interest,income,value,security,asset,loss,rate,net"
12,0.6960658431053162,"property,may,interest,share,year,income,investment,value,rate,real"
19,0.7886233925819397,"loan,interest,company,asset,financial,loss,security,value,rate,year"
19,0.8512880206108093,"loan,interest,company,asset,financial,loss,security,value,rate,year"
4,0.9905300736427307,"company,financial,year,stock,service,revenue,include,market,may,business"
0,0.6225292086601257,"company,financial,bank,may,loan,report,capital,institution,include,risk"
18,0.7387097477912903,"loss,company,year,insurance,net,investment,premium,financial,business,reinsurance"
15,0.9475802183151245,"trust,interest,unit,property,royalty,net,gas,production,price,income"
2,0.7384067177772522,"company,investment,value,security,insurance,financial,income,loss,benefit,asset"
13,0.9200714826583862,"loan,financial,interest,income,value,security,asset,loss,rate,net"
19,0.9173895716667175,"loan,interest,company,asset,financial,loss,security,value,rate,year"
19,0.9336361289024353,"loan,interest,company,asset,financial,loss,security,value,rate,year"
19,0.6203594207763672,"loan,interest,company,asset,financial,loss,security,value,rate,year"
13,0.5930031538009644,"loan,financial,interest,income,value,security,asset,loss,rate,net"
1,0.7153334617614746,"insurance,company,loss,financial,year,value,premium,claim,mortgage,net"
12,0.6398402452468872,"property,may,interest,share,year,income,investment,value,rate,real"
19,0.4379790425300598,"loan,interest,company,asset,financial,loss,security,value,rate,year"
4,0.9426391124725342,"company,financial,year,stock,service,revenue,include,market,may,business"
8,0.9536278247833252,"company,property,interest,year,income,share,financial,lease,include,net"
12,0.41957345604896545,"property,may,interest,share,year,income,investment,value,rate,real"
2,0.4654557704925537,"company,investment,value,security,insurance,financial,income,loss,benefit,asset"
8,0.92458176612854,"company,property,interest,year,income,share,financial,lease,include,net"
18,0.8919520378112793,"loss,company,year,insurance,net,investment,premium,financial,business,reinsurance"
18,0.7772945165634155,"loss,company,year,insurance,net,investment,premium,financial,business,reinsurance"
16,0.5379319787025452,"value,asset,financial,loss,interest,security,investment,note,credit,fair"
8,0.5289165377616882,"company,property,interest,year,income,share,financial,lease,include,net"
2,0.7752112746238708,"company,investment,value,security,insurance,financial,income,loss,benefit,asset"
18,0.5015696287155151,"loss,company,year,insurance,net,investment,premium,financial,business,reinsurance"
0,0.5911919474601746,"company,financial,bank,may,loan,report,capital,institution,include,risk"
0,0.9996647238731384,"company,financial,bank,may,loan,report,capital,institution,include,risk"
16,0.514376699924469,"value,asset,financial,loss,interest,security,investment,note,credit,fair"
0,0.9993990063667297,"company,financial,bank,may,loan,report,capital,institution,include,risk"
14,0.6749653220176697,"credit,financial,year,cash,company,interest,income,sale,end,loan"
19,0.669759213924408,"loan,interest,company,asset,financial,loss,security,value,rate,year"
10,0.4423810839653015,"loan,credit,value,loss,interest,asset,include,rate,net,income"
11,0.5314854383468628,"investment,company,fund,financial,asset,share,income,net,year,management"
19,0.6650177240371704,"loan,interest,company,asset,financial,loss,security,value,rate,year"
2,0.8008818030357361,"company,investment,value,security,insurance,financial,income,loss,benefit,asset"
12,0.9265239238739014,"property,may,interest,share,year,income,investment,value,rate,real"
19,0.8566137552261353,"loan,interest,company,asset,financial,loss,security,value,rate,year"
11,0.25028592348098755,"investment,company,fund,financial,asset,share,income,net,year,management"
17,0.6673645973205566,"investment,company,value,may,interest,stock,income,portfolio,net,asset"
0,0.7145000100135803,"company,financial,bank,may,loan,report,capital,institution,include,risk"
19,0.8043949007987976,"loan,interest,company,asset,financial,loss,security,value,rate,year"
11,0.6824261546134949,"investment,company,fund,financial,asset,share,income,net,year,management"
19,0.4003082513809204,"loan,interest,company,asset,financial,loss,security,value,rate,year"
19,0.41461479663848877,"loan,interest,company,asset,financial,loss,security,value,rate,year"
10,0.5790690183639526,"loan,credit,value,loss,interest,asset,include,rate,net,income"
16,0.32433590292930603,"value,asset,financial,loss,interest,security,investment,note,credit,fair"
14,0.4249562919139862,"credit,financial,year,cash,company,interest,income,sale,end,loan"
2,0.6631286144256592,"company,investment,value,security,insurance,financial,income,loss,benefit,asset"
0,0.7222004532814026,"company,financial,bank,may,loan,report,capital,institution,include,risk"
14,0.2705952227115631,"credit,financial,year,cash,company,interest,income,sale,end,loan"
8,0.6550502777099609,"company,property,interest,year,income,share,financial,lease,include,net"
12,0.5892154574394226,"property,may,interest,share,year,income,investment,value,rate,real"
4,0.8168524503707886,"company,financial,year,stock,service,revenue,include,market,may,business"
19,0.8028232455253601,"loan,interest,company,asset,financial,loss,security,value,rate,year"
19,0.7401073575019836,"loan,interest,company,asset,financial,loss,security,value,rate,year"
0,0.7645416855812073,"company,financial,bank,may,loan,report,capital,institution,include,risk"
19,0.7211123704910278,"loan,interest,company,asset,financial,loss,security,value,rate,year"
12,0.8581495881080627,"property,may,interest,share,year,income,investment,value,rate,real"
4,0.7537204623222351,"company,financial,year,stock,service,revenue,include,market,may,business"
19,0.357841819524765,"loan,interest,company,asset,financial,loss,security,value,rate,year"
12,0.8553367853164673,"property,may,interest,share,year,income,investment,value,rate,real"
13,0.47634264826774597,"loan,financial,interest,income,value,security,asset,loss,rate,net"
19,0.8453173041343689,"loan,interest,company,asset,financial,loss,security,value,rate,year"
8,0.4202861189842224,"company,property,interest,year,income,share,financial,lease,include,net"
13,0.5789254903793335,"loan,financial,interest,income,value,security,asset,loss,rate,net"
8,0.41337013244628906,"company,property,interest,year,income,share,financial,lease,include,net"
4,0.7695502042770386,"company,financial,year,stock,service,revenue,include,market,may,business"
19,0.5444283485412598,"loan,interest,company,asset,financial,loss,security,value,rate,year"
8,0.427938848733902,"company,property,interest,year,income,share,financial,lease,include,net"
4,0.7464671730995178,"company,financial,year,stock,service,revenue,include,market,may,business"
18,0.8048965334892273,"loss,company,year,insurance,net,investment,premium,financial,business,reinsurance"
11,0.7002213597297668,"investment,company,fund,financial,asset,share,income,net,year,management"
14,0.4108346104621887,"credit,financial,year,cash,company,interest,income,sale,end,loan"
16,0.34755203127861023,"value,asset,financial,loss,interest,security,investment,note,credit,fair"
2,0.6206768155097961,"company,investment,value,security,insurance,financial,income,loss,benefit,asset"
0,0.94014573097229,"company,financial,bank,may,loan,report,capital,institution,include,risk"
8,0.823431670665741,"company,property,interest,year,income,share,financial,lease,include,net"
19,0.6460175514221191,"loan,interest,company,asset,financial,loss,security,value,rate,year"
10,0.5772088170051575,"loan,credit,value,loss,interest,asset,include,rate,net,income"
16,0.5159803032875061,"value,asset,financial,loss,interest,security,investment,note,credit,fair"
19,0.46334636211395264,"loan,interest,company,asset,financial,loss,security,value,rate,year"
8,0.9050478339195251,"company,property,interest,year,income,share,financial,lease,include,net"
16,0.42829978466033936,"value,asset,financial,loss,interest,security,investment,note,credit,fair"
8,0.48996424674987793,"company,property,interest,year,income,share,financial,lease,include,net"
19,0.8123909831047058,"loan,interest,company,asset,financial,loss,security,value,rate,year"
8,0.7592791318893433,"company,property,interest,year,income,share,financial,lease,include,net"
11,0.9327242374420166,"investment,company,fund,financial,asset,share,income,net,year,management"
19,0.9378138780593872,"loan,interest,company,asset,financial,loss,security,value,rate,year"
19,0.49701210856437683,"loan,interest,company,asset,financial,loss,security,value,rate,year"
13,0.8717453479766846,"loan,financial,interest,income,value,security,asset,loss,rate,net"
18,0.8766843676567078,"loss,company,year,insurance,net,investment,premium,financial,business,reinsurance"
19,0.5217800140380859,"loan,interest,company,asset,financial,loss,security,value,rate,year"
13,0.9483152031898499,"loan,financial,interest,income,value,security,asset,loss,rate,net"
19,0.9565722942352295,"loan,interest,company,asset,financial,loss,security,value,rate,year"
17,0.6468928456306458,"investment,company,value,may,interest,stock,income,portfolio,net,asset"
15,0.4583311378955841,"trust,interest,unit,property,royalty,net,gas,production,price,income"
4,0.3288688063621521,"company,financial,year,stock,service,revenue,include,market,may,business"
12,0.42739060521125793,"property,may,interest,share,year,income,investment,value,rate,real"
1,0.8970715999603271,"insurance,company,loss,financial,year,value,premium,claim,mortgage,net"
19,0.6446022987365723,"loan,interest,company,asset,financial,loss,security,value,rate,year"
19,0.8580697774887085,"loan,interest,company,asset,financial,loss,security,value,rate,year"
2,0.8504320383071899,"company,investment,value,security,insurance,financial,income,loss,benefit,asset"
11,0.6728522777557373,"investment,company,fund,financial,asset,share,income,net,year,management"
12,0.48569971323013306,"property,may,interest,share,year,income,investment,value,rate,real"
3,0.4157140851020813,"company,loan,interest,financial,note,share,statement,agreement,real,director"
3,0.29794493317604065,"company,loan,interest,financial,note,share,statement,agreement,real,director"
4,0.8177992701530457,"company,financial,year,stock,service,revenue,include,market,may,business"
4,0.8746148347854614,"company,financial,year,stock,service,revenue,include,market,may,business"
13,0.7804397940635681,"loan,financial,interest,income,value,security,asset,loss,rate,net"
4,0.8187111020088196,"company,financial,year,stock,service,revenue,include,market,may,business"
8,0.8281582593917847,"company,property,interest,year,income,share,financial,lease,include,net"
19,0.7906275391578674,"loan,interest,company,asset,financial,loss,security,value,rate,year"
13,0.565616250038147,"loan,financial,interest,income,value,security,asset,loss,rate,net"
4,0.7468236088752747,"company,financial,year,stock,service,revenue,include,market,may,business"
19,0.9148700833320618,"loan,interest,company,asset,financial,loss,security,value,rate,year"
4,0.7776976823806763,"company,financial,year,stock,service,revenue,include,market,may,business"
14,0.6936331391334534,"credit,financial,year,cash,company,interest,income,sale,end,loan"
11,0.536783754825592,"investment,company,fund,financial,asset,share,income,net,year,management"
8,0.5530401468276978,"company,property,interest,year,income,share,financial,lease,include,net"
18,0.8311018347740173,"loss,company,year,insurance,net,investment,premium,financial,business,reinsurance"
19,0.926417350769043,"loan,interest,company,asset,financial,loss,security,value,rate,year"
10,0.42652395367622375,"loan,credit,value,loss,interest,asset,include,rate,net,income"
19,0.7082886099815369,"loan,interest,company,asset,financial,loss,security,value,rate,year"
4,0.7396090626716614,"company,financial,year,stock,service,revenue,include,market,may,business"
8,0.37536704540252686,"company,property,interest,year,income,share,financial,lease,include,net"
19,0.6967540383338928,"loan,interest,company,asset,financial,loss,security,value,rate,year"
18,0.7958818674087524,"loss,company,year,insurance,net,investment,premium,financial,business,reinsurance"
19,0.42387378215789795,"loan,interest,company,asset,financial,loss,security,value,rate,year"
16,0.28391963243484497,"value,asset,financial,loss,interest,security,investment,note,credit,fair"
8,0.7585447430610657,"company,property,interest,year,income,share,financial,lease,include,net"
0,0.969641387462616,"company,financial,bank,may,loan,report,capital,institution,include,risk"
0,0.9998655915260315,"company,financial,bank,may,loan,report,capital,institution,include,risk"
19,0.5173152089118958,"loan,interest,company,asset,financial,loss,security,value,rate,year"
12,0.8197752833366394,"property,may,interest,share,year,income,investment,value,rate,real"
13,0.5039693117141724,"loan,financial,interest,income,value,security,asset,loss,rate,net"
0,0.8423256874084473,"company,financial,bank,may,loan,report,capital,institution,include,risk"
8,0.9186667203903198,"company,property,interest,year,income,share,financial,lease,include,net"
8,0.7907812595367432,"company,property,interest,year,income,share,financial,lease,include,net"
19,0.6633189916610718,"loan,interest,company,asset,financial,loss,security,value,rate,year"
3,0.5382555723190308,"company,loan,interest,financial,note,share,statement,agreement,real,director"
10,0.7951854467391968,"loan,credit,value,loss,interest,asset,include,rate,net,income"
4,0.9385908842086792,"company,financial,year,stock,service,revenue,include,market,may,business"
12,0.846464991569519,"property,may,interest,share,year,income,investment,value,rate,real"
0,0.9998368620872498,"company,financial,bank,may,loan,report,capital,institution,include,risk"
19,0.5790475010871887,"loan,interest,company,asset,financial,loss,security,value,rate,year"
19,0.5427711606025696,"loan,interest,company,asset,financial,loss,security,value,rate,year"
8,0.9014633893966675,"company,property,interest,year,income,share,financial,lease,include,net"
13,0.7908935546875,"loan,financial,interest,income,value,security,asset,loss,rate,net"
4,0.47824230790138245,"company,financial,year,stock,service,revenue,include,market,may,business"
8,0.5946370959281921,"company,property,interest,year,income,share,financial,lease,include,net"
19,0.8640889525413513,"loan,interest,company,asset,financial,loss,security,value,rate,year"
19,0.6773519515991211,"loan,interest,company,asset,financial,loss,security,value,rate,year"
4,0.7718309760093689,"company,financial,year,stock,service,revenue,include,market,may,business"
18,0.8691765666007996,"loss,company,year,insurance,net,investment,premium,financial,business,reinsurance"
6,0.5198847651481628,"merchant,sale,year,stock,share,company,financial,cost,may,include"
4,0.41946372389793396,"company,financial,year,stock,service,revenue,include,market,may,business"
19,0.8214437365531921,"loan,interest,company,asset,financial,loss,security,value,rate,year"
4,0.3394235074520111,"company,financial,year,stock,service,revenue,include,market,may,business"
19,0.6968792676925659,"loan,interest,company,asset,financial,loss,security,value,rate,year"
13,0.3667249381542206,"loan,financial,interest,income,value,security,asset,loss,rate,net"
2,0.730760931968689,"company,investment,value,security,insurance,financial,income,loss,benefit,asset"
19,0.480983167886734,"loan,interest,company,asset,financial,loss,security,value,rate,year"
14,0.5390278100967407,"credit,financial,year,cash,company,interest,income,sale,end,loan"
19,0.646476686000824,"loan,interest,company,asset,financial,loss,security,value,rate,year"
13,0.6563615798950195,"loan,financial,interest,income,value,security,asset,loss,rate,net"
18,0.9548831582069397,"loss,company,year,insurance,net,investment,premium,financial,business,reinsurance"
19,0.5012893080711365,"loan,interest,company,asset,financial,loss,security,value,rate,year"
8,0.6524322032928467,"company,property,interest,year,income,share,financial,lease,include,net"
19,0.6211716532707214,"loan,interest,company,asset,financial,loss,security,value,rate,year"
14,0.5219866633415222,"credit,financial,year,cash,company,interest,income,sale,end,loan"
15,0.939137876033783,"trust,interest,unit,property,royalty,net,gas,production,price,income"
15,0.999920129776001,"trust,interest,unit,property,royalty,net,gas,production,price,income"
16,0.7635379433631897,"value,asset,financial,loss,interest,security,investment,note,credit,fair"
12,0.8152381777763367,"property,may,interest,share,year,income,investment,value,rate,real"
18,0.7164660692214966,"loss,company,year,insurance,net,investment,premium,financial,business,reinsurance"
13,0.5929369926452637,"loan,financial,interest,income,value,security,asset,loss,rate,net"
19,0.7490715980529785,"loan,interest,company,asset,financial,loss,security,value,rate,year"
19,0.7371230125427246,"loan,interest,company,asset,financial,loss,security,value,rate,year"
0,0.9222840666770935,"company,financial,bank,may,loan,report,capital,institution,include,risk"
3,0.953923225402832,"company,loan,interest,financial,note,share,statement,agreement,real,director"
8,0.937420666217804,"company,property,interest,year,income,share,financial,lease,include,net"
16,0.4899929165840149,"value,asset,financial,loss,interest,security,investment,note,credit,fair"
13,0.5315870046615601,"loan,financial,interest,income,value,security,asset,loss,rate,net"
5,0.7070385217666626,"mortgage,loan,security,loss,value,rate,interest,credit,purchase,fair"
16,0.6716769933700562,"value,asset,financial,loss,interest,security,investment,note,credit,fair"
8,0.6625015139579773,"company,property,interest,year,income,share,financial,lease,include,net"
19,0.6262531876564026,"loan,interest,company,asset,financial,loss,security,value,rate,year"
0,0.9385373592376709,"company,financial,bank,may,loan,report,capital,institution,include,risk"
12,0.5560544729232788,"property,may,interest,share,year,income,investment,value,rate,real"
19,0.8982792496681213,"loan,interest,company,asset,financial,loss,security,value,rate,year"
14,0.7363804578781128,"credit,financial,year,cash,company,interest,income,sale,end,loan"
8,0.41701167821884155,"company,property,interest,year,income,share,financial,lease,include,net"
18,0.8799970149993896,"loss,company,year,insurance,net,investment,premium,financial,business,reinsurance"
13,0.6783369779586792,"loan,financial,interest,income,value,security,asset,loss,rate,net"
19,0.42194893956184387,"loan,interest,company,asset,financial,loss,security,value,rate,year"
18,0.6351310014724731,"loss,company,year,insurance,net,investment,premium,financial,business,reinsurance"
19,0.8916581273078918,"loan,interest,company,asset,financial,loss,security,value,rate,year"
3,0.40056896209716797,"company,loan,interest,financial,note,share,statement,agreement,real,director"
13,0.5262245535850525,"loan,financial,interest,income,value,security,asset,loss,rate,net"
17,0.7761180996894836,"investment,company,value,may,interest,stock,income,portfolio,net,asset"
8,0.8527271151542664,"company,property,interest,year,income,share,financial,lease,include,net"
13,0.4035484194755554,"loan,financial,interest,income,value,security,asset,loss,rate,net"
19,0.8554040193557739,"loan,interest,company,asset,financial,loss,security,value,rate,year"
19,0.5409738421440125,"loan,interest,company,asset,financial,loss,security,value,rate,year"
18,0.7626361846923828,"loss,company,year,insurance,net,investment,premium,financial,business,reinsurance"
12,0.7707013487815857,"property,may,interest,share,year,income,investment,value,rate,real"
4,0.9628260731697083,"company,financial,year,stock,service,revenue,include,market,may,business"
19,0.5841366648674011,"loan,interest,company,asset,financial,loss,security,value,rate,year"
19,0.5863666534423828,"loan,interest,company,asset,financial,loss,security,value,rate,year"
18,0.8249678015708923,"loss,company,year,insurance,net,investment,premium,financial,business,reinsurance"
4,0.8401825428009033,"company,financial,year,stock,service,revenue,include,market,may,business"
11,0.8245883584022522,"investment,company,fund,financial,asset,share,income,net,year,management"
15,0.8458676338195801,"trust,interest,unit,property,royalty,net,gas,production,price,income"
8,0.4960167407989502,"company,property,interest,year,income,share,financial,lease,include,net"
0,0.9997286796569824,"company,financial,bank,may,loan,report,capital,institution,include,risk"
9,0.7806506752967834,"company,stock,dbsd,class,share,common,may,financial,right,cash"
13,0.767957329750061,"loan,financial,interest,income,value,security,asset,loss,rate,net"
0,0.8471238017082214,"company,financial,bank,may,loan,report,capital,institution,include,risk"
0,0.8329390287399292,"company,financial,bank,may,loan,report,capital,institution,include,risk"
19,0.5295113921165466,"loan,interest,company,asset,financial,loss,security,value,rate,year"
18,0.6298364400863647,"loss,company,year,insurance,net,investment,premium,financial,business,reinsurance"
18,0.6308621764183044,"loss,company,year,insurance,net,investment,premium,financial,business,reinsurance"
0,0.6713281273841858,"company,financial,bank,may,loan,report,capital,institution,include,risk"
4,0.6073665618896484,"company,financial,year,stock,service,revenue,include,market,may,business"
19,0.7820648550987244,"loan,interest,company,asset,financial,loss,security,value,rate,year"
13,0.566159188747406,"loan,financial,interest,income,value,security,asset,loss,rate,net"
19,0.9722965359687805,"loan,interest,company,asset,financial,loss,security,value,rate,year"
19,0.9460244178771973,"loan,interest,company,asset,financial,loss,security,value,rate,year"
12,0.5646908283233643,"property,may,interest,share,year,income,investment,value,rate,real"
19,0.5889652967453003,"loan,interest,company,asset,financial,loss,security,value,rate,year"
8,0.6804894804954529,"company,property,interest,year,income,share,financial,lease,include,net"
18,0.7615439295768738,"loss,company,year,insurance,net,investment,premium,financial,business,reinsurance"
19,0.5930512547492981,"loan,interest,company,asset,financial,loss,security,value,rate,year"
19,0.7522952556610107,"loan,interest,company,asset,financial,loss,security,value,rate,year"
8,0.9208598732948303,"company,property,interest,year,income,share,financial,lease,include,net"
0,0.9817685484886169,"company,financial,bank,may,loan,report,capital,institution,include,risk"
2,0.6057599186897278,"company,investment,value,security,insurance,financial,income,loss,benefit,asset"
0,0.8261227011680603,"company,financial,bank,may,loan,report,capital,institution,include,risk"
0,0.7952651381492615,"company,financial,bank,may,loan,report,capital,institution,include,risk"
4,0.8139892816543579,"company,financial,year,stock,service,revenue,include,market,may,business"
16,0.458418607711792,"value,asset,financial,loss,interest,security,investment,note,credit,fair"
4,0.7813180088996887,"company,financial,year,stock,service,revenue,include,market,may,business"
12,0.5903971195220947,"property,may,interest,share,year,income,investment,value,rate,real"
13,0.8138132691383362,"loan,financial,interest,income,value,security,asset,loss,rate,net"
19,0.7126797437667847,"loan,interest,company,asset,financial,loss,security,value,rate,year"
12,0.8713098168373108,"property,may,interest,share,year,income,investment,value,rate,real"
2,0.6721711754798889,"company,investment,value,security,insurance,financial,income,loss,benefit,asset"
19,0.8276554942131042,"loan,interest,company,asset,financial,loss,security,value,rate,year"
18,0.9055124521255493,"loss,company,year,insurance,net,investment,premium,financial,business,reinsurance"
8,0.7997822165489197,"company,property,interest,year,income,share,financial,lease,include,net"
8,0.6608675122261047,"company,property,interest,year,income,share,financial,lease,include,net"
19,0.4055568277835846,"loan,interest,company,asset,financial,loss,security,value,rate,year"
19,0.648469090461731,"loan,interest,company,asset,financial,loss,security,value,rate,year"
18,0.7468079924583435,"loss,company,year,insurance,net,investment,premium,financial,business,reinsurance"
4,0.47887465357780457,"company,financial,year,stock,service,revenue,include,market,may,business"
13,0.6607823967933655,"loan,financial,interest,income,value,security,asset,loss,rate,net"
19,0.5987475514411926,"loan,interest,company,asset,financial,loss,security,value,rate,year"
2,0.7296828031539917,"company,investment,value,security,insurance,financial,income,loss,benefit,asset"
4,0.8906183242797852,"company,financial,year,stock,service,revenue,include,market,may,business"
17,0.9246148467063904,"investment,company,value,may,interest,stock,income,portfolio,net,asset"
8,0.5799893140792847,"company,property,interest,year,income,share,financial,lease,include,net"
10,0.6537370085716248,"loan,credit,value,loss,interest,asset,include,rate,net,income"
4,0.8366103172302246,"company,financial,year,stock,service,revenue,include,market,may,business"
19,0.522660493850708,"loan,interest,company,asset,financial,loss,security,value,rate,year"
12,0.692070722579956,"property,may,interest,share,year,income,investment,value,rate,real"
2,0.4948267638683319,"company,investment,value,security,insurance,financial,income,loss,benefit,asset"
19,0.5950326323509216,"loan,interest,company,asset,financial,loss,security,value,rate,year"
12,0.5644456148147583,"property,may,interest,share,year,income,investment,value,rate,real"
0,0.9998283386230469,"company,financial,bank,may,loan,report,capital,institution,include,risk"
19,0.659410297870636,"loan,interest,company,asset,financial,loss,security,value,rate,year"
0,0.8165438771247864,"company,financial,bank,may,loan,report,capital,institution,include,risk"
8,0.5295512676239014,"company,property,interest,year,income,share,financial,lease,include,net"
17,0.7349817752838135,"investment,company,value,may,interest,stock,income,portfolio,net,asset"
3,0.5746244788169861,"company,loan,interest,financial,note,share,statement,agreement,real,director"
13,0.7992174029350281,"loan,financial,interest,income,value,security,asset,loss,rate,net"
19,0.4912826716899872,"loan,interest,company,asset,financial,loss,security,value,rate,year"
19,0.8207492828369141,"loan,interest,company,asset,financial,loss,security,value,rate,year"
19,0.6018427014350891,"loan,interest,company,asset,financial,loss,security,value,rate,year"
18,0.9497482776641846,"loss,company,year,insurance,net,investment,premium,financial,business,reinsurance"
10,0.9101938605308533,"loan,credit,value,loss,interest,asset,include,rate,net,income"
4,0.4090709388256073,"company,financial,year,stock,service,revenue,include,market,may,business"
18,0.5104632377624512,"loss,company,year,insurance,net,investment,premium,financial,business,reinsurance"
18,0.9478192925453186,"loss,company,year,insurance,net,investment,premium,financial,business,reinsurance"
19,0.5501143336296082,"loan,interest,company,asset,financial,loss,security,value,rate,year"
19,0.8456412553787231,"loan,interest,company,asset,financial,loss,security,value,rate,year"
3,0.8546196818351746,"company,loan,interest,financial,note,share,statement,agreement,real,director"
18,0.636257529258728,"loss,company,year,insurance,net,investment,premium,financial,business,reinsurance"
6,0.35964909195899963,"merchant,sale,year,stock,share,company,financial,cost,may,include"
10,0.4180999994277954,"loan,credit,value,loss,interest,asset,include,rate,net,income"
0,0.6191781163215637,"company,financial,bank,may,loan,report,capital,institution,include,risk"
18,0.9153801798820496,"loss,company,year,insurance,net,investment,premium,financial,business,reinsurance"
4,0.7314771413803101,"company,financial,year,stock,service,revenue,include,market,may,business"
19,0.7015330195426941,"loan,interest,company,asset,financial,loss,security,value,rate,year"
13,0.3719385266304016,"loan,financial,interest,income,value,security,asset,loss,rate,net"
18,0.9557402729988098,"loss,company,year,insurance,net,investment,premium,financial,business,reinsurance"
8,0.7677579522132874,"company,property,interest,year,income,share,financial,lease,include,net"
13,0.9759328365325928,"loan,financial,interest,income,value,security,asset,loss,rate,net"
13,0.950998842716217,"loan,financial,interest,income,value,security,asset,loss,rate,net"
19,0.8987895250320435,"loan,interest,company,asset,financial,loss,security,value,rate,year"
16,0.49636369943618774,"value,asset,financial,loss,interest,security,investment,note,credit,fair"
13,0.4552498757839203,"loan,financial,interest,income,value,security,asset,loss,rate,net"
19,0.9773058891296387,"loan,interest,company,asset,financial,loss,security,value,rate,year"
19,0.7549958825111389,"loan,interest,company,asset,financial,loss,security,value,rate,year"
15,0.9936748147010803,"trust,interest,unit,property,royalty,net,gas,production,price,income"
18,0.9490618109703064,"loss,company,year,insurance,net,investment,premium,financial,business,reinsurance"
19,0.9474338889122009,"loan,interest,company,asset,financial,loss,security,value,rate,year"
19,0.7869124412536621,"loan,interest,company,asset,financial,loss,security,value,rate,year"
11,0.47652769088745117,"investment,company,fund,financial,asset,share,income,net,year,management"
19,0.7423956990242004,"loan,interest,company,asset,financial,loss,security,value,rate,year"
19,0.6667385697364807,"loan,interest,company,asset,financial,loss,security,value,rate,year"
13,0.4054372012615204,"loan,financial,interest,income,value,security,asset,loss,rate,net"
4,0.743505597114563,"company,financial,year,stock,service,revenue,include,market,may,business"
13,0.4882431626319885,"loan,financial,interest,income,value,security,asset,loss,rate,net"
19,0.903032660484314,"loan,interest,company,asset,financial,loss,security,value,rate,year"
19,0.770717978477478,"loan,interest,company,asset,financial,loss,security,value,rate,year"
4,0.8406745195388794,"company,financial,year,stock,service,revenue,include,market,may,business"
8,0.9110804200172424,"company,property,interest,year,income,share,financial,lease,include,net"
19,0.644867479801178,"loan,interest,company,asset,financial,loss,security,value,rate,year"
19,0.9915178418159485,"loan,interest,company,asset,financial,loss,security,value,rate,year"
18,0.9365663528442383,"loss,company,year,insurance,net,investment,premium,financial,business,reinsurance"
4,0.617192804813385,"company,financial,year,stock,service,revenue,include,market,may,business"
16,0.29238077998161316,"value,asset,financial,loss,interest,security,investment,note,credit,fair"
19,0.9117488265037537,"loan,interest,company,asset,financial,loss,security,value,rate,year"
18,0.8671766519546509,"loss,company,year,insurance,net,investment,premium,financial,business,reinsurance"
2,0.8009403944015503,"company,investment,value,security,insurance,financial,income,loss,benefit,asset"
19,0.6535428166389465,"loan,interest,company,asset,financial,loss,security,value,rate,year"
13,0.5483740568161011,"loan,financial,interest,income,value,security,asset,loss,rate,net"
19,0.4803551435470581,"loan,interest,company,asset,financial,loss,security,value,rate,year"
4,0.6131613850593567,"company,financial,year,stock,service,revenue,include,market,may,business"
18,0.8435441851615906,"loss,company,year,insurance,net,investment,premium,financial,business,reinsurance"
19,0.5371120572090149,"loan,interest,company,asset,financial,loss,security,value,rate,year"
0,0.5017594695091248,"company,financial,bank,may,loan,report,capital,institution,include,risk"
4,0.37068498134613037,"company,financial,year,stock,service,revenue,include,market,may,business"
11,0.8187280893325806,"investment,company,fund,financial,asset,share,income,net,year,management"
19,0.6018280386924744,"loan,interest,company,asset,financial,loss,security,value,rate,year"
16,0.3179806172847748,"value,asset,financial,loss,interest,security,investment,note,credit,fair"
19,0.7434784173965454,"loan,interest,company,asset,financial,loss,security,value,rate,year"
0,0.9100613594055176,"company,financial,bank,may,loan,report,capital,institution,include,risk"
2,0.6851793527603149,"company,investment,value,security,insurance,financial,income,loss,benefit,asset"
19,0.32597407698631287,"loan,interest,company,asset,financial,loss,security,value,rate,year"
1,0.7994046807289124,"insurance,company,loss,financial,year,value,premium,claim,mortgage,net"
2,0.3753834068775177,"company,investment,value,security,insurance,financial,income,loss,benefit,asset"
16,0.49790728092193604,"value,asset,financial,loss,interest,security,investment,note,credit,fair"
0,0.8396672606468201,"company,financial,bank,may,loan,report,capital,institution,include,risk"
12,0.5285667777061462,"property,may,interest,share,year,income,investment,value,rate,real"
13,0.9281786680221558,"loan,financial,interest,income,value,security,asset,loss,rate,net"
12,0.22833465039730072,"property,may,interest,share,year,income,investment,value,rate,real"
11,0.7249822616577148,"investment,company,fund,financial,asset,share,income,net,year,management"
19,0.7569296956062317,"loan,interest,company,asset,financial,loss,security,value,rate,year"
19,0.5743656754493713,"loan,interest,company,asset,financial,loss,security,value,rate,year"
13,0.5256922245025635,"loan,financial,interest,income,value,security,asset,loss,rate,net"
2,0.8140748143196106,"company,investment,value,security,insurance,financial,income,loss,benefit,asset"
0,0.9621056318283081,"company,financial,bank,may,loan,report,capital,institution,include,risk"
19,0.8902572989463806,"loan,interest,company,asset,financial,loss,security,value,rate,year"
0,0.8667098879814148,"company,financial,bank,may,loan,report,capital,institution,include,risk"
19,0.8562095761299133,"loan,interest,company,asset,financial,loss,security,value,rate,year"
11,0.9701417684555054,"investment,company,fund,financial,asset,share,income,net,year,management"
17,0.29282721877098083,"investment,company,value,may,interest,stock,income,portfolio,net,asset"
6,0.4696393609046936,"merchant,sale,year,stock,share,company,financial,cost,may,include"
0,0.5460264086723328,"company,financial,bank,may,loan,report,capital,institution,include,risk"
4,0.8242146968841553,"company,financial,year,stock,service,revenue,include,market,may,business"
18,0.6505573391914368,"loss,company,year,insurance,net,investment,premium,financial,business,reinsurance"
4,0.6986647844314575,"company,financial,year,stock,service,revenue,include,market,may,business"
2,0.6823870539665222,"company,investment,value,security,insurance,financial,income,loss,benefit,asset"
19,0.85959392786026,"loan,interest,company,asset,financial,loss,security,value,rate,year"
19,0.5057353377342224,"loan,interest,company,asset,financial,loss,security,value,rate,year"
1,0.9545025825500488,"insurance,company,loss,financial,year,value,premium,claim,mortgage,net"
0,0.461904376745224,"company,financial,bank,may,loan,report,capital,institution,include,risk"
16,0.42506104707717896,"value,asset,financial,loss,interest,security,investment,note,credit,fair"
0,0.9956009387969971,"company,financial,bank,may,loan,report,capital,institution,include,risk"
16,0.5377197265625,"value,asset,financial,loss,interest,security,investment,note,credit,fair"
11,0.5075854063034058,"investment,company,fund,financial,asset,share,income,net,year,management"
8,0.9627450704574585,"company,property,interest,year,income,share,financial,lease,include,net"
8,0.41731908917427063,"company,property,interest,year,income,share,financial,lease,include,net"
10,0.7318071126937866,"loan,credit,value,loss,interest,asset,include,rate,net,income"
4,0.7071094512939453,"company,financial,year,stock,service,revenue,include,market,may,business"
19,0.4494848847389221,"loan,interest,company,asset,financial,loss,security,value,rate,year"
18,0.8966938257217407,"loss,company,year,insurance,net,investment,premium,financial,business,reinsurance"
4,0.6172152161598206,"company,financial,year,stock,service,revenue,include,market,may,business"
13,0.474660187959671,"loan,financial,interest,income,value,security,asset,loss,rate,net"
12,0.558645486831665,"property,may,interest,share,year,income,investment,value,rate,real"
3,0.33986443281173706,"company,loan,interest,financial,note,share,statement,agreement,real,director"
19,0.7529043555259705,"loan,interest,company,asset,financial,loss,security,value,rate,year"
1,0.5239816308021545,"insurance,company,loss,financial,year,value,premium,claim,mortgage,net"
19,0.9181141257286072,"loan,interest,company,asset,financial,loss,security,value,rate,year"
18,0.7430547475814819,"loss,company,year,insurance,net,investment,premium,financial,business,reinsurance"
10,0.37124940752983093,"loan,credit,value,loss,interest,asset,include,rate,net,income"
8,0.6686750054359436,"company,property,interest,year,income,share,financial,lease,include,net"
19,0.883881151676178,"loan,interest,company,asset,financial,loss,security,value,rate,year"
19,0.9016948938369751,"loan,interest,company,asset,financial,loss,security,value,rate,year"
19,0.5628906488418579,"loan,interest,company,asset,financial,loss,security,value,rate,year"
19,0.8557249307632446,"loan,interest,company,asset,financial,loss,security,value,rate,year"
8,0.7841508388519287,"company,property,interest,year,income,share,financial,lease,include,net"
0,0.6978200078010559,"company,financial,bank,may,loan,report,capital,institution,include,risk"
19,0.9914090037345886,"loan,interest,company,asset,financial,loss,security,value,rate,year"
0,0.8381237983703613,"company,financial,bank,may,loan,report,capital,institution,include,risk"
3,0.7040748596191406,"company,loan,interest,financial,note,share,statement,agreement,real,director"
0,0.48449522256851196,"company,financial,bank,may,loan,report,capital,institution,include,risk"
11,0.9657405614852905,"investment,company,fund,financial,asset,share,income,net,year,management"
19,0.5218010544776917,"loan,interest,company,asset,financial,loss,security,value,rate,year"
19,0.4353421628475189,"loan,interest,company,asset,financial,loss,security,value,rate,year"
15,0.9351613521575928,"trust,interest,unit,property,royalty,net,gas,production,price,income"
12,0.49828141927719116,"property,may,interest,share,year,income,investment,value,rate,real"
19,0.7514190673828125,"loan,interest,company,asset,financial,loss,security,value,rate,year"
19,0.9615377187728882,"loan,interest,company,asset,financial,loss,security,value,rate,year"
18,0.9825578927993774,"loss,company,year,insurance,net,investment,premium,financial,business,reinsurance"
13,0.5942043662071228,"loan,financial,interest,income,value,security,asset,loss,rate,net"
10,0.9333301186561584,"loan,credit,value,loss,interest,asset,include,rate,net,income"
0,0.5711732506752014,"company,financial,bank,may,loan,report,capital,institution,include,risk"
13,0.7919745445251465,"loan,financial,interest,income,value,security,asset,loss,rate,net"
19,0.7865682244300842,"loan,interest,company,asset,financial,loss,security,value,rate,year"
16,0.388115257024765,"value,asset,financial,loss,interest,security,investment,note,credit,fair"
19,0.3587300479412079,"loan,interest,company,asset,financial,loss,security,value,rate,year"
19,0.5372756719589233,"loan,interest,company,asset,financial,loss,security,value,rate,year"
16,0.5074878334999084,"value,asset,financial,loss,interest,security,investment,note,credit,fair"
19,0.41809695959091187,"loan,interest,company,asset,financial,loss,security,value,rate,year"
19,0.7715998888015747,"loan,interest,company,asset,financial,loss,security,value,rate,year"
4,0.5691753625869751,"company,financial,year,stock,service,revenue,include,market,may,business"
8,0.8447955846786499,"company,property,interest,year,income,share,financial,lease,include,net"
8,0.6461995840072632,"company,property,interest,year,income,share,financial,lease,include,net"
16,0.5884557962417603,"value,asset,financial,loss,interest,security,investment,note,credit,fair"
19,0.7622098922729492,"loan,interest,company,asset,financial,loss,security,value,rate,year"
10,0.6026721000671387,"loan,credit,value,loss,interest,asset,include,rate,net,income"
18,0.8134509325027466,"loss,company,year,insurance,net,investment,premium,financial,business,reinsurance"
15,0.9955133199691772,"trust,interest,unit,property,royalty,net,gas,production,price,income"
16,0.6153193116188049,"value,asset,financial,loss,interest,security,investment,note,credit,fair"
11,0.3158577084541321,"investment,company,fund,financial,asset,share,income,net,year,management"
19,0.7484220266342163,"loan,interest,company,asset,financial,loss,security,value,rate,year"
13,0.5805631875991821,"loan,financial,interest,income,value,security,asset,loss,rate,net"
0,0.9998367428779602,"company,financial,bank,may,loan,report,capital,institution,include,risk"
18,0.9264678359031677,"loss,company,year,insurance,net,investment,premium,financial,business,reinsurance"
19,0.8476074934005737,"loan,interest,company,asset,financial,loss,security,value,rate,year"
15,0.37690359354019165,"trust,interest,unit,property,royalty,net,gas,production,price,income"
0,0.8076635599136353,"company,financial,bank,may,loan,report,capital,institution,include,risk"
2,0.5877575278282166,"company,investment,value,security,insurance,financial,income,loss,benefit,asset"
10,0.8944634199142456,"loan,credit,value,loss,interest,asset,include,rate,net,income"
10,0.4538973867893219,"loan,credit,value,loss,interest,asset,include,rate,net,income"
18,0.9005521535873413,"loss,company,year,insurance,net,investment,premium,financial,business,reinsurance"
19,0.7866953611373901,"loan,interest,company,asset,financial,loss,security,value,rate,year"
11,0.8826957941055298,"investment,company,fund,financial,asset,share,income,net,year,management"
2,0.7785428166389465,"company,investment,value,security,insurance,financial,income,loss,benefit,asset"
18,0.8825397491455078,"loss,company,year,insurance,net,investment,premium,financial,business,reinsurance"
19,0.609536349773407,"loan,interest,company,asset,financial,loss,security,value,rate,year"
4,0.9778880476951599,"company,financial,year,stock,service,revenue,include,market,may,business"
16,0.5510655045509338,"value,asset,financial,loss,interest,security,investment,note,credit,fair"
19,0.5943275690078735,"loan,interest,company,asset,financial,loss,security,value,rate,year"
2,0.8383563160896301,"company,investment,value,security,insurance,financial,income,loss,benefit,asset"
19,0.8565829992294312,"loan,interest,company,asset,financial,loss,security,value,rate,year"
13,0.8314529061317444,"loan,financial,interest,income,value,security,asset,loss,rate,net"
18,0.97378009557724,"loss,company,year,insurance,net,investment,premium,financial,business,reinsurance"
19,0.8219227194786072,"loan,interest,company,asset,financial,loss,security,value,rate,year"
19,0.5812832713127136,"loan,interest,company,asset,financial,loss,security,value,rate,year"
19,0.5909638404846191,"loan,interest,company,asset,financial,loss,security,value,rate,year"
4,0.7665318250656128,"company,financial,year,stock,service,revenue,include,market,may,business"
18,0.7363330125808716,"loss,company,year,insurance,net,investment,premium,financial,business,reinsurance"
17,0.810840368270874,"investment,company,value,may,interest,stock,income,portfolio,net,asset"
19,0.6166772842407227,"loan,interest,company,asset,financial,loss,security,value,rate,year"
8,0.7278206944465637,"company,property,interest,year,income,share,financial,lease,include,net"
13,0.5449306964874268,"loan,financial,interest,income,value,security,asset,loss,rate,net"
19,0.4559449255466461,"loan,interest,company,asset,financial,loss,security,value,rate,year"
11,0.315705806016922,"investment,company,fund,financial,asset,share,income,net,year,management"
19,0.5883382558822632,"loan,interest,company,asset,financial,loss,security,value,rate,year"
19,0.8470472693443298,"loan,interest,company,asset,financial,loss,security,value,rate,year"
13,0.5668469667434692,"loan,financial,interest,income,value,security,asset,loss,rate,net"
0,0.9438130855560303,"company,financial,bank,may,loan,report,capital,institution,include,risk"
16,0.31233319640159607,"value,asset,financial,loss,interest,security,investment,note,credit,fair"
0,0.8592209815979004,"company,financial,bank,may,loan,report,capital,institution,include,risk"
19,0.6852070689201355,"loan,interest,company,asset,financial,loss,security,value,rate,year"
19,0.6997601389884949,"loan,interest,company,asset,financial,loss,security,value,rate,year"
19,0.6775753498077393,"loan,interest,company,asset,financial,loss,security,value,rate,year"
19,0.6702420711517334,"loan,interest,company,asset,financial,loss,security,value,rate,year"
12,0.7904039621353149,"property,may,interest,share,year,income,investment,value,rate,real"
13,0.5744105577468872,"loan,financial,interest,income,value,security,asset,loss,rate,net"
8,0.8499501347541809,"company,property,interest,year,income,share,financial,lease,include,net"
0,0.9997783303260803,"company,financial,bank,may,loan,report,capital,institution,include,risk"
19,0.8051477670669556,"loan,interest,company,asset,financial,loss,security,value,rate,year"
18,0.7671797871589661,"loss,company,year,insurance,net,investment,premium,financial,business,reinsurance"
18,0.521210789680481,"loss,company,year,insurance,net,investment,premium,financial,business,reinsurance"
19,0.7222694754600525,"loan,interest,company,asset,financial,loss,security,value,rate,year"
8,0.9012728333473206,"company,property,interest,year,income,share,financial,lease,include,net"
12,0.7919735312461853,"property,may,interest,share,year,income,investment,value,rate,real"
0,0.2661527693271637,"company,financial,bank,may,loan,report,capital,institution,include,risk"
8,0.9999628067016602,"company,property,interest,year,income,share,financial,lease,include,net"
13,0.5529249906539917,"loan,financial,interest,income,value,security,asset,loss,rate,net"
2,0.8808178305625916,"company,investment,value,security,insurance,financial,income,loss,benefit,asset"
10,0.32525259256362915,"loan,credit,value,loss,interest,asset,include,rate,net,income"
8,0.3452740013599396,"company,property,interest,year,income,share,financial,lease,include,net"
4,0.5127288103103638,"company,financial,year,stock,service,revenue,include,market,may,business"
0,0.565933883190155,"company,financial,bank,may,loan,report,capital,institution,include,risk"
0,0.9906647801399231,"company,financial,bank,may,loan,report,capital,institution,include,risk"
2,0.505344808101654,"company,investment,value,security,insurance,financial,income,loss,benefit,asset"
19,0.8361895084381104,"loan,interest,company,asset,financial,loss,security,value,rate,year"
19,0.728669285774231,"loan,interest,company,asset,financial,loss,security,value,rate,year"
18,0.8069863319396973,"loss,company,year,insurance,net,investment,premium,financial,business,reinsurance"
0,0.5764722228050232,"company,financial,bank,may,loan,report,capital,institution,include,risk"
12,0.8035346865653992,"property,may,interest,share,year,income,investment,value,rate,real"
16,0.5122262835502625,"value,asset,financial,loss,interest,security,investment,note,credit,fair"
19,0.7114629745483398,"loan,interest,company,asset,financial,loss,security,value,rate,year"
19,0.8297747373580933,"loan,interest,company,asset,financial,loss,security,value,rate,year"
8,0.5562559962272644,"company,property,interest,year,income,share,financial,lease,include,net"
19,0.8150420784950256,"loan,interest,company,asset,financial,loss,security,value,rate,year"
11,0.45968925952911377,"investment,company,fund,financial,asset,share,income,net,year,management"
2,0.9100081920623779,"company,investment,value,security,insurance,financial,income,loss,benefit,asset"
13,0.6779683232307434,"loan,financial,interest,income,value,security,asset,loss,rate,net"
15,0.9998941421508789,"trust,interest,unit,property,royalty,net,gas,production,price,income"
16,0.3560851216316223,"value,asset,financial,loss,interest,security,investment,note,credit,fair"
4,0.49821460247039795,"company,financial,year,stock,service,revenue,include,market,may,business"
5,0.8575249314308167,"mortgage,loan,security,loss,value,rate,interest,credit,purchase,fair"
8,0.71826171875,"company,property,interest,year,income,share,financial,lease,include,net"
3,0.3322388529777527,"company,loan,interest,financial,note,share,statement,agreement,real,director"
10,0.8966504335403442,"loan,credit,value,loss,interest,asset,include,rate,net,income"
19,0.5789192914962769,"loan,interest,company,asset,financial,loss,security,value,rate,year"
19,0.6019725799560547,"loan,interest,company,asset,financial,loss,security,value,rate,year"
0,0.9829874038696289,"company,financial,bank,may,loan,report,capital,institution,include,risk"
19,0.6016709208488464,"loan,interest,company,asset,financial,loss,security,value,rate,year"
3,0.6179118156433105,"company,loan,interest,financial,note,share,statement,agreement,real,director"
12,0.8856610655784607,"property,may,interest,share,year,income,investment,value,rate,real"
18,0.604361891746521,"loss,company,year,insurance,net,investment,premium,financial,business,reinsurance"
4,0.3297950029373169,"company,financial,year,stock,service,revenue,include,market,may,business"
19,0.8002680540084839,"loan,interest,company,asset,financial,loss,security,value,rate,year"
10,0.9585925340652466,"loan,credit,value,loss,interest,asset,include,rate,net,income"
13,0.4313715696334839,"loan,financial,interest,income,value,security,asset,loss,rate,net"
17,0.9549837708473206,"investment,company,value,may,interest,stock,income,portfolio,net,asset"
19,0.8763556480407715,"loan,interest,company,asset,financial,loss,security,value,rate,year"
2,0.7662072777748108,"company,investment,value,security,insurance,financial,income,loss,benefit,asset"
13,0.5938107371330261,"loan,financial,interest,income,value,security,asset,loss,rate,net"
0,0.9310969710350037,"company,financial,bank,may,loan,report,capital,institution,include,risk"
3,0.6111958622932434,"company,loan,interest,financial,note,share,statement,agreement,real,director"
19,0.5590777397155762,"loan,interest,company,asset,financial,loss,security,value,rate,year"
19,0.7063480615615845,"loan,interest,company,asset,financial,loss,security,value,rate,year"
0,0.9404225945472717,"company,financial,bank,may,loan,report,capital,institution,include,risk"
2,0.635938823223114,"company,investment,value,security,insurance,financial,income,loss,benefit,asset"
19,0.7863085269927979,"loan,interest,company,asset,financial,loss,security,value,rate,year"
11,0.48223361372947693,"investment,company,fund,financial,asset,share,income,net,year,management"
4,0.5348208546638489,"company,financial,year,stock,service,revenue,include,market,may,business"
4,0.5893325805664062,"company,financial,year,stock,service,revenue,include,market,may,business"
18,0.9436618089675903,"loss,company,year,insurance,net,investment,premium,financial,business,reinsurance"
13,0.6412188410758972,"loan,financial,interest,income,value,security,asset,loss,rate,net"
2,0.5231531858444214,"company,investment,value,security,insurance,financial,income,loss,benefit,asset"
11,0.9926023483276367,"investment,company,fund,financial,asset,share,income,net,year,management"
15,0.28487804532051086,"trust,interest,unit,property,royalty,net,gas,production,price,income"
19,0.4647916853427887,"loan,interest,company,asset,financial,loss,security,value,rate,year"
13,0.5626459121704102,"loan,financial,interest,income,value,security,asset,loss,rate,net"
0,0.9556401371955872,"company,financial,bank,may,loan,report,capital,institution,include,risk"
19,0.5719597339630127,"loan,interest,company,asset,financial,loss,security,value,rate,year"
4,0.689102053642273,"company,financial,year,stock,service,revenue,include,market,may,business"
4,0.8460973501205444,"company,financial,year,stock,service,revenue,include,market,may,business"
16,0.48804518580436707,"value,asset,financial,loss,interest,security,investment,note,credit,fair"
3,0.8624796271324158,"company,loan,interest,financial,note,share,statement,agreement,real,director"
13,0.4610353410243988,"loan,financial,interest,income,value,security,asset,loss,rate,net"
13,0.5227933526039124,"loan,financial,interest,income,value,security,asset,loss,rate,net"
15,0.9976833462715149,"trust,interest,unit,property,royalty,net,gas,production,price,income"
8,0.6407753825187683,"company,property,interest,year,income,share,financial,lease,include,net"
13,0.433348149061203,"loan,financial,interest,income,value,security,asset,loss,rate,net"
19,0.5304127335548401,"loan,interest,company,asset,financial,loss,security,value,rate,year"
4,0.4736820459365845,"company,financial,year,stock,service,revenue,include,market,may,business"
13,0.49419105052948,"loan,financial,interest,income,value,security,asset,loss,rate,net"
13,0.3421378433704376,"loan,financial,interest,income,value,security,asset,loss,rate,net"
18,0.4539697766304016,"loss,company,year,insurance,net,investment,premium,financial,business,reinsurance"
18,0.8843390941619873,"loss,company,year,insurance,net,investment,premium,financial,business,reinsurance"
19,0.3538706600666046,"loan,interest,company,asset,financial,loss,security,value,rate,year"
0,0.9997650980949402,"company,financial,bank,may,loan,report,capital,institution,include,risk"
18,0.9550756216049194,"loss,company,year,insurance,net,investment,premium,financial,business,reinsurance"
3,0.44416359066963196,"company,loan,interest,financial,note,share,statement,agreement,real,director"
2,0.8335556387901306,"company,investment,value,security,insurance,financial,income,loss,benefit,asset"
19,0.8729149103164673,"loan,interest,company,asset,financial,loss,security,value,rate,year"
19,0.9818242788314819,"loan,interest,company,asset,financial,loss,security,value,rate,year"
4,0.7576576471328735,"company,financial,year,stock,service,revenue,include,market,may,business"
4,0.8945912718772888,"company,financial,year,stock,service,revenue,include,market,may,business"
13,0.5393654704093933,"loan,financial,interest,income,value,security,asset,loss,rate,net"
8,0.9653699994087219,"company,property,interest,year,income,share,financial,lease,include,net"
4,0.7407534718513489,"company,financial,year,stock,service,revenue,include,market,may,business"
0,0.9997088313102722,"company,financial,bank,may,loan,report,capital,institution,include,risk"
19,0.8118872046470642,"loan,interest,company,asset,financial,loss,security,value,rate,year"
8,0.9211952090263367,"company,property,interest,year,income,share,financial,lease,include,net"
19,0.9403157234191895,"loan,interest,company,asset,financial,loss,security,value,rate,year"
4,0.5491851568222046,"company,financial,year,stock,service,revenue,include,market,may,business"
0,0.558347761631012,"company,financial,bank,may,loan,report,capital,institution,include,risk"
8,0.9132762551307678,"company,property,interest,year,income,share,financial,lease,include,net"
19,0.8300061821937561,"loan,interest,company,asset,financial,loss,security,value,rate,year"
13,0.7080953121185303,"loan,financial,interest,income,value,security,asset,loss,rate,net"
6,0.5351420640945435,"merchant,sale,year,stock,share,company,financial,cost,may,include"
13,0.445919007062912,"loan,financial,interest,income,value,security,asset,loss,rate,net"
18,0.9865144491195679,"loss,company,year,insurance,net,investment,premium,financial,business,reinsurance"
1,0.8831896185874939,"insurance,company,loss,financial,year,value,premium,claim,mortgage,net"
19,0.6186692714691162,"loan,interest,company,asset,financial,loss,security,value,rate,year"
15,0.9927326440811157,"trust,interest,unit,property,royalty,net,gas,production,price,income"
18,0.6770737767219543,"loss,company,year,insurance,net,investment,premium,financial,business,reinsurance"
0,0.9307589530944824,"company,financial,bank,may,loan,report,capital,institution,include,risk"
0,0.5104998350143433,"company,financial,bank,may,loan,report,capital,institution,include,risk"
10,0.5057355761528015,"loan,credit,value,loss,interest,asset,include,rate,net,income"
18,0.7940163016319275,"loss,company,year,insurance,net,investment,premium,financial,business,reinsurance"
13,0.5236934423446655,"loan,financial,interest,income,value,security,asset,loss,rate,net"
1,0.5561730265617371,"insurance,company,loss,financial,year,value,premium,claim,mortgage,net"
7,0.8156329393386841,"none,property,income,note,lease,cost,stock,acquisition,improvement,date"
8,0.6139559745788574,"company,property,interest,year,income,share,financial,lease,include,net"
11,0.6334261894226074,"investment,company,fund,financial,asset,share,income,net,year,management"
13,0.7781283855438232,"loan,financial,interest,income,value,security,asset,loss,rate,net"
0,0.8755559921264648,"company,financial,bank,may,loan,report,capital,institution,include,risk"
19,0.7442895770072937,"loan,interest,company,asset,financial,loss,security,value,rate,year"
4,0.6042122840881348,"company,financial,year,stock,service,revenue,include,market,may,business"
17,0.9866957068443298,"investment,company,value,may,interest,stock,income,portfolio,net,asset"
19,0.6782386898994446,"loan,interest,company,asset,financial,loss,security,value,rate,year"
19,0.7658077478408813,"loan,interest,company,asset,financial,loss,security,value,rate,year"
19,0.8610315918922424,"loan,interest,company,asset,financial,loss,security,value,rate,year"
4,0.6298888325691223,"company,financial,year,stock,service,revenue,include,market,may,business"
19,0.9723320007324219,"loan,interest,company,asset,financial,loss,security,value,rate,year"
18,0.9030258655548096,"loss,company,year,insurance,net,investment,premium,financial,business,reinsurance"
10,0.7036173343658447,"loan,credit,value,loss,interest,asset,include,rate,net,income"
17,0.9999733567237854,"investment,company,value,may,interest,stock,income,portfolio,net,asset"
11,0.5798737406730652,"investment,company,fund,financial,asset,share,income,net,year,management"
0,0.9214032888412476,"company,financial,bank,may,loan,report,capital,institution,include,risk"
4,0.5227252840995789,"company,financial,year,stock,service,revenue,include,market,may,business"
13,0.6185072064399719,"loan,financial,interest,income,value,security,asset,loss,rate,net"
19,0.36410456895828247,"loan,interest,company,asset,financial,loss,security,value,rate,year"
17,0.7764419913291931,"investment,company,value,may,interest,stock,income,portfolio,net,asset"
0,0.9889883995056152,"company,financial,bank,may,loan,report,capital,institution,include,risk"
0,0.49772268533706665,"company,financial,bank,may,loan,report,capital,institution,include,risk"
14,0.3322756588459015,"credit,financial,year,cash,company,interest,income,sale,end,loan"
4,0.6854434609413147,"company,financial,year,stock,service,revenue,include,market,may,business"
19,0.7640311121940613,"loan,interest,company,asset,financial,loss,security,value,rate,year"
8,0.8833090662956238,"company,property,interest,year,income,share,financial,lease,include,net"
4,0.5504446625709534,"company,financial,year,stock,service,revenue,include,market,may,business"
11,0.46311870217323303,"investment,company,fund,financial,asset,share,income,net,year,management"
19,0.8514246940612793,"loan,interest,company,asset,financial,loss,security,value,rate,year"
19,0.7683210968971252,"loan,interest,company,asset,financial,loss,security,value,rate,year"
8,0.484319806098938,"company,property,interest,year,income,share,financial,lease,include,net"
19,0.7931368350982666,"loan,interest,company,asset,financial,loss,security,value,rate,year"
0,0.895258367061615,"company,financial,bank,may,loan,report,capital,institution,include,risk"
19,0.5380460023880005,"loan,interest,company,asset,financial,loss,security,value,rate,year"
13,0.4044623374938965,"loan,financial,interest,income,value,security,asset,loss,rate,net"
8,0.5578575730323792,"company,property,interest,year,income,share,financial,lease,include,net"
0,0.9542528986930847,"company,financial,bank,may,loan,report,capital,institution,include,risk"
11,0.8978478312492371,"investment,company,fund,financial,asset,share,income,net,year,management"
4,0.7311100363731384,"company,financial,year,stock,service,revenue,include,market,may,business"
18,0.8465020060539246,"loss,company,year,insurance,net,investment,premium,financial,business,reinsurance"
19,0.5218274593353271,"loan,interest,company,asset,financial,loss,security,value,rate,year"
19,0.7796950936317444,"loan,interest,company,asset,financial,loss,security,value,rate,year"
0,0.6551346182823181,"company,financial,bank,may,loan,report,capital,institution,include,risk"
18,0.9311860799789429,"loss,company,year,insurance,net,investment,premium,financial,business,reinsurance"
12,0.4264686107635498,"property,may,interest,share,year,income,investment,value,rate,real"
0,0.6875369548797607,"company,financial,bank,may,loan,report,capital,institution,include,risk"
19,0.6518593430519104,"loan,interest,company,asset,financial,loss,security,value,rate,year"
0,0.999860942363739,"company,financial,bank,may,loan,report,capital,institution,include,risk"
4,0.630516767501831,"company,financial,year,stock,service,revenue,include,market,may,business"
14,0.44641169905662537,"credit,financial,year,cash,company,interest,income,sale,end,loan"
13,0.9305784106254578,"loan,financial,interest,income,value,security,asset,loss,rate,net"
19,0.8383064866065979,"loan,interest,company,asset,financial,loss,security,value,rate,year"
3,0.47552037239074707,"company,loan,interest,financial,note,share,statement,agreement,real,director"
19,0.6742079854011536,"loan,interest,company,asset,financial,loss,security,value,rate,year"
11,0.8738030791282654,"investment,company,fund,financial,asset,share,income,net,year,management"
4,0.7898802757263184,"company,financial,year,stock,service,revenue,include,market,may,business"
16,0.512376606464386,"value,asset,financial,loss,interest,security,investment,note,credit,fair"
17,0.9420742988586426,"investment,company,value,may,interest,stock,income,portfolio,net,asset"
8,0.5281816124916077,"company,property,interest,year,income,share,financial,lease,include,net"
13,0.49627313017845154,"loan,financial,interest,income,value,security,asset,loss,rate,net"
18,0.8126236796379089,"loss,company,year,insurance,net,investment,premium,financial,business,reinsurance"
18,0.7947594523429871,"loss,company,year,insurance,net,investment,premium,financial,business,reinsurance"
4,0.4483349919319153,"company,financial,year,stock,service,revenue,include,market,may,business"
8,0.8768454790115356,"company,property,interest,year,income,share,financial,lease,include,net"
19,0.8464263677597046,"loan,interest,company,asset,financial,loss,security,value,rate,year"
4,0.6914489269256592,"company,financial,year,stock,service,revenue,include,market,may,business"
8,0.7021896243095398,"company,property,interest,year,income,share,financial,lease,include,net"
16,0.38458600640296936,"value,asset,financial,loss,interest,security,investment,note,credit,fair"
19,0.8112310171127319,"loan,interest,company,asset,financial,loss,security,value,rate,year"
13,0.6391602754592896,"loan,financial,interest,income,value,security,asset,loss,rate,net"
18,0.5581001043319702,"loss,company,year,insurance,net,investment,premium,financial,business,reinsurance"
8,0.9267697930335999,"company,property,interest,year,income,share,financial,lease,include,net"
8,0.7817779183387756,"company,property,interest,year,income,share,financial,lease,include,net"
8,0.7795171737670898,"company,property,interest,year,income,share,financial,lease,include,net"
16,0.3860223591327667,"value,asset,financial,loss,interest,security,investment,note,credit,fair"
19,0.49236366152763367,"loan,interest,company,asset,financial,loss,security,value,rate,year"
11,0.3777935802936554,"investment,company,fund,financial,asset,share,income,net,year,management"
16,0.3295165002346039,"value,asset,financial,loss,interest,security,investment,note,credit,fair"
19,0.9375030398368835,"loan,interest,company,asset,financial,loss,security,value,rate,year"
19,0.49370890855789185,"loan,interest,company,asset,financial,loss,security,value,rate,year"
19,0.4957687258720398,"loan,interest,company,asset,financial,loss,security,value,rate,year"
15,0.7612574100494385,"trust,interest,unit,property,royalty,net,gas,production,price,income"
13,0.5442281365394592,"loan,financial,interest,income,value,security,asset,loss,rate,net"
8,0.9649713635444641,"company,property,interest,year,income,share,financial,lease,include,net"
8,0.9345377087593079,"company,property,interest,year,income,share,financial,lease,include,net"
11,0.4993080496788025,"investment,company,fund,financial,asset,share,income,net,year,management"
19,0.4323124885559082,"loan,interest,company,asset,financial,loss,security,value,rate,year"
19,0.4242817461490631,"loan,interest,company,asset,financial,loss,security,value,rate,year"
19,0.7478629946708679,"loan,interest,company,asset,financial,loss,security,value,rate,year"
8,0.8903820514678955,"company,property,interest,year,income,share,financial,lease,include,net"
19,0.5158217549324036,"loan,interest,company,asset,financial,loss,security,value,rate,year"
11,0.8690106868743896,"investment,company,fund,financial,asset,share,income,net,year,management"
8,0.9924691319465637,"company,property,interest,year,income,share,financial,lease,include,net"
19,0.7732188701629639,"loan,interest,company,asset,financial,loss,security,value,rate,year"
0,0.5514633655548096,"company,financial,bank,may,loan,report,capital,institution,include,risk"
0,0.9616716504096985,"company,financial,bank,may,loan,report,capital,institution,include,risk"
8,0.8918368220329285,"company,property,interest,year,income,share,financial,lease,include,net"
19,0.6207678914070129,"loan,interest,company,asset,financial,loss,security,value,rate,year"
19,0.8208522200584412,"loan,interest,company,asset,financial,loss,security,value,rate,year"
13,0.6460405588150024,"loan,financial,interest,income,value,security,asset,loss,rate,net"
0,0.5415782332420349,"company,financial,bank,may,loan,report,capital,institution,include,risk"
14,0.5606546401977539,"credit,financial,year,cash,company,interest,income,sale,end,loan"
19,0.7017461657524109,"loan,interest,company,asset,financial,loss,security,value,rate,year"
18,0.7150762677192688,"loss,company,year,insurance,net,investment,premium,financial,business,reinsurance"
18,0.748263418674469,"loss,company,year,insurance,net,investment,premium,financial,business,reinsurance"
19,0.752799391746521,"loan,interest,company,asset,financial,loss,security,value,rate,year"
0,0.7612238526344299,"company,financial,bank,may,loan,report,capital,institution,include,risk"
11,0.9031600952148438,"investment,company,fund,financial,asset,share,income,net,year,management"
2,0.8629065752029419,"company,investment,value,security,insurance,financial,income,loss,benefit,asset"
19,0.6592711806297302,"loan,interest,company,asset,financial,loss,security,value,rate,year"
19,0.7090140581130981,"loan,interest,company,asset,financial,loss,security,value,rate,year"
0,0.3964576721191406,"company,financial,bank,may,loan,report,capital,institution,include,risk"
19,0.5159621238708496,"loan,interest,company,asset,financial,loss,security,value,rate,year"
10,0.45616093277931213,"loan,credit,value,loss,interest,asset,include,rate,net,income"
19,0.7890809774398804,"loan,interest,company,asset,financial,loss,security,value,rate,year"
17,0.9715133309364319,"investment,company,value,may,interest,stock,income,portfolio,net,asset"
13,0.8701360821723938,"loan,financial,interest,income,value,security,asset,loss,rate,net"
14,0.8237389326095581,"credit,financial,year,cash,company,interest,income,sale,end,loan"
19,0.5618726015090942,"loan,interest,company,asset,financial,loss,security,value,rate,year"
19,0.6334266662597656,"loan,interest,company,asset,financial,loss,security,value,rate,year"
0,0.7332748174667358,"company,financial,bank,may,loan,report,capital,institution,include,risk"
19,0.6771659255027771,"loan,interest,company,asset,financial,loss,security,value,rate,year"
18,0.9550286531448364,"loss,company,year,insurance,net,investment,premium,financial,business,reinsurance"
18,0.5842547416687012,"loss,company,year,insurance,net,investment,premium,financial,business,reinsurance"
13,0.5791562795639038,"loan,financial,interest,income,value,security,asset,loss,rate,net"
14,0.5653491020202637,"credit,financial,year,cash,company,interest,income,sale,end,loan"
13,0.7412859797477722,"loan,financial,interest,income,value,security,asset,loss,rate,net"
13,0.5590864419937134,"loan,financial,interest,income,value,security,asset,loss,rate,net"
12,0.6582136154174805,"property,may,interest,share,year,income,investment,value,rate,real"
19,0.6420003175735474,"loan,interest,company,asset,financial,loss,security,value,rate,year"
4,0.7789041996002197,"company,financial,year,stock,service,revenue,include,market,may,business"
19,0.6956276297569275,"loan,interest,company,asset,financial,loss,security,value,rate,year"
19,0.876291811466217,"loan,interest,company,asset,financial,loss,security,value,rate,year"
19,0.7425486445426941,"loan,interest,company,asset,financial,loss,security,value,rate,year"
1,0.3890528678894043,"insurance,company,loss,financial,year,value,premium,claim,mortgage,net"
19,0.8247196078300476,"loan,interest,company,asset,financial,loss,security,value,rate,year"
13,0.7824145555496216,"loan,financial,interest,income,value,security,asset,loss,rate,net"
13,0.7355015873908997,"loan,financial,interest,income,value,security,asset,loss,rate,net"
19,0.7231244444847107,"loan,interest,company,asset,financial,loss,security,value,rate,year"
4,0.6374217867851257,"company,financial,year,stock,service,revenue,include,market,may,business"
14,0.3525834381580353,"credit,financial,year,cash,company,interest,income,sale,end,loan"
19,0.8301072716712952,"loan,interest,company,asset,financial,loss,security,value,rate,year"
0,0.777756929397583,"company,financial,bank,may,loan,report,capital,institution,include,risk"
12,0.9854713678359985,"property,may,interest,share,year,income,investment,value,rate,real"
0,0.9997729659080505,"company,financial,bank,may,loan,report,capital,institution,include,risk"
19,0.9045172929763794,"loan,interest,company,asset,financial,loss,security,value,rate,year"
0,0.9999000430107117,"company,financial,bank,may,loan,report,capital,institution,include,risk"
12,0.4100795090198517,"property,may,interest,share,year,income,investment,value,rate,real"
2,0.6749597787857056,"company,investment,value,security,insurance,financial,income,loss,benefit,asset"
13,0.6599141955375671,"loan,financial,interest,income,value,security,asset,loss,rate,net"
13,0.6284809708595276,"loan,financial,interest,income,value,security,asset,loss,rate,net"
13,0.610584020614624,"loan,financial,interest,income,value,security,asset,loss,rate,net"
13,0.6489083766937256,"loan,financial,interest,income,value,security,asset,loss,rate,net"
13,0.8930106163024902,"loan,financial,interest,income,value,security,asset,loss,rate,net"
3,0.5820843577384949,"company,loan,interest,financial,note,share,statement,agreement,real,director"
19,0.7590399980545044,"loan,interest,company,asset,financial,loss,security,value,rate,year"
11,0.8329201340675354,"investment,company,fund,financial,asset,share,income,net,year,management"
8,0.7839715480804443,"company,property,interest,year,income,share,financial,lease,include,net"
18,0.6276797652244568,"loss,company,year,insurance,net,investment,premium,financial,business,reinsurance"
0,0.6864157319068909,"company,financial,bank,may,loan,report,capital,institution,include,risk"
18,0.6115354895591736,"loss,company,year,insurance,net,investment,premium,financial,business,reinsurance"
19,0.5645617842674255,"loan,interest,company,asset,financial,loss,security,value,rate,year"
2,0.8853150606155396,"company,investment,value,security,insurance,financial,income,loss,benefit,asset"
19,0.6160192489624023,"loan,interest,company,asset,financial,loss,security,value,rate,year"
19,0.810478687286377,"loan,interest,company,asset,financial,loss,security,value,rate,year"
12,0.47982481122016907,"property,may,interest,share,year,income,investment,value,rate,real"
19,0.4993622601032257,"loan,interest,company,asset,financial,loss,security,value,rate,year"
19,0.8660760521888733,"loan,interest,company,asset,financial,loss,security,value,rate,year"
19,0.8069952130317688,"loan,interest,company,asset,financial,loss,security,value,rate,year"
14,0.779064953327179,"credit,financial,year,cash,company,interest,income,sale,end,loan"
18,0.8060721755027771,"loss,company,year,insurance,net,investment,premium,financial,business,reinsurance"
18,0.9270907640457153,"loss,company,year,insurance,net,investment,premium,financial,business,reinsurance"
18,0.5859230160713196,"loss,company,year,insurance,net,investment,premium,financial,business,reinsurance"
13,0.881906270980835,"loan,financial,interest,income,value,security,asset,loss,rate,net"
13,0.700573205947876,"loan,financial,interest,income,value,security,asset,loss,rate,net"
19,0.45610377192497253,"loan,interest,company,asset,financial,loss,security,value,rate,year"
16,0.6786472797393799,"value,asset,financial,loss,interest,security,investment,note,credit,fair"
19,0.5718370676040649,"loan,interest,company,asset,financial,loss,security,value,rate,year"
4,0.5841279625892639,"company,financial,year,stock,service,revenue,include,market,may,business"
3,0.6542834043502808,"company,loan,interest,financial,note,share,statement,agreement,real,director"
19,0.7797250747680664,"loan,interest,company,asset,financial,loss,security,value,rate,year"
11,0.9091275334358215,"investment,company,fund,financial,asset,share,income,net,year,management"
19,0.711214005947113,"loan,interest,company,asset,financial,loss,security,value,rate,year"
8,0.7651492357254028,"company,property,interest,year,income,share,financial,lease,include,net"
19,0.7296507954597473,"loan,interest,company,asset,financial,loss,security,value,rate,year"
15,0.31244131922721863,"trust,interest,unit,property,royalty,net,gas,production,price,income"
8,0.6685861945152283,"company,property,interest,year,income,share,financial,lease,include,net"
3,0.5320096015930176,"company,loan,interest,financial,note,share,statement,agreement,real,director"
4,0.9032045006752014,"company,financial,year,stock,service,revenue,include,market,may,business"
18,0.6210850477218628,"loss,company,year,insurance,net,investment,premium,financial,business,reinsurance"
3,0.3371051847934723,"company,loan,interest,financial,note,share,statement,agreement,real,director"
11,0.822030246257782,"investment,company,fund,financial,asset,share,income,net,year,management"
4,0.8421887159347534,"company,financial,year,stock,service,revenue,include,market,may,business"
12,0.8461242318153381,"property,may,interest,share,year,income,investment,value,rate,real"
8,0.4889330565929413,"company,property,interest,year,income,share,financial,lease,include,net"
19,0.913539707660675,"loan,interest,company,asset,financial,loss,security,value,rate,year"
4,0.5864084959030151,"company,financial,year,stock,service,revenue,include,market,may,business"
19,0.6013185381889343,"loan,interest,company,asset,financial,loss,security,value,rate,year"
13,0.7284848093986511,"loan,financial,interest,income,value,security,asset,loss,rate,net"
3,0.6451272964477539,"company,loan,interest,financial,note,share,statement,agreement,real,director"
19,0.7391575574874878,"loan,interest,company,asset,financial,loss,security,value,rate,year"
16,0.5676783323287964,"value,asset,financial,loss,interest,security,investment,note,credit,fair"
4,0.8742744326591492,"company,financial,year,stock,service,revenue,include,market,may,business"
16,0.6038504242897034,"value,asset,financial,loss,interest,security,investment,note,credit,fair"
2,0.5085524320602417,"company,investment,value,security,insurance,financial,income,loss,benefit,asset"
0,0.8045031428337097,"company,financial,bank,may,loan,report,capital,institution,include,risk"
13,0.8832007646560669,"loan,financial,interest,income,value,security,asset,loss,rate,net"
11,0.4743902385234833,"investment,company,fund,financial,asset,share,income,net,year,management"
4,0.6328229308128357,"company,financial,year,stock,service,revenue,include,market,may,business"
19,0.6938961744308472,"loan,interest,company,asset,financial,loss,security,value,rate,year"
13,0.6257892847061157,"loan,financial,interest,income,value,security,asset,loss,rate,net"
18,0.9386351108551025,"loss,company,year,insurance,net,investment,premium,financial,business,reinsurance"
0,0.6361051201820374,"company,financial,bank,may,loan,report,capital,institution,include,risk"
18,0.8382593989372253,"loss,company,year,insurance,net,investment,premium,financial,business,reinsurance"
12,0.8632143139839172,"property,may,interest,share,year,income,investment,value,rate,real"
17,0.9717288613319397,"investment,company,value,may,interest,stock,income,portfolio,net,asset"
4,0.7198894619941711,"company,financial,year,stock,service,revenue,include,market,may,business"
0,0.7350566983222961,"company,financial,bank,may,loan,report,capital,institution,include,risk"
0,0.8530487418174744,"company,financial,bank,may,loan,report,capital,institution,include,risk"
19,0.887604832649231,"loan,interest,company,asset,financial,loss,security,value,rate,year"
19,0.6616740226745605,"loan,interest,company,asset,financial,loss,security,value,rate,year"
13,0.6936163902282715,"loan,financial,interest,income,value,security,asset,loss,rate,net"
4,0.455341637134552,"company,financial,year,stock,service,revenue,include,market,may,business"
